tool	rlen	ATGC_n	ATGC
badread	3	11494777.0	0.9179385559197886
badread	4	4456504.0	0.8965707200083294
badread	5	1761228.0	0.8752671431523914
badread	6	657329.0	0.8532713450950742
badread	7	250785.0	0.8308431525011464
badread	8	25920.0	0.8095293209876543
badread	9	1929.0	0.7890098496630379
badread	10	173.0	0.791907514450867
longislnd	3	12017356.0	0.8887888483956038
longislnd	4	4652688.0	0.8597789063010458
longislnd	5	1837558.0	0.9262722591613435
longislnd	6	688895.0	0.907888720341997
longislnd	7	262156.0	0.8840118097621263
longislnd	8	26490.0	0.819214798036995
longislnd	9	1867.0	0.7129084092126406
longislnd	10	115.0	0.4260869565217391
lrsim	3	11957966.0	0.880135384228388
lrsim	4	4631860.0	0.8497512878195801
lrsim	5	1829352.0	0.8215657784833099
lrsim	6	684970.0	0.7949866417507336
lrsim	7	260439.0	0.7714896770452966
lrsim	8	26778.0	0.7494958548061842
lrsim	9	2157.0	0.7181270282800185
lrsim	10	192.0	0.6770833333333334
nanosim	3	12307437.0	0.91577653413948
nanosim	4	4767371.0	0.9020430757329354
nanosim	5	1882221.0	0.8901526441369
nanosim	6	705043.0	0.8802328368624325
nanosim	7	267959.0	0.8714168958683978
nanosim	8	27114.0	0.8615106587003024
nanosim	9	1922.0	0.8459937565036421
nanosim	10	112.0	0.8928571428571429
pbsim3	3	11964750.0	0.9255270690988111
pbsim3	4	4634121.0	0.9069381226774182
pbsim3	5	1828026.0	0.8897958781767874
pbsim3	6	684622.0	0.8739099824428663
pbsim3	7	261605.0	0.8602473194319681
pbsim3	8	26821.0	0.8487006450169643
pbsim3	9	1848.0	0.8354978354978355
pbsim3	10	143.0	0.8251748251748252
real	3	11729323.0	0.9216964184548417
real	4	4543083.0	0.9075709160497398
real	5	1780934.0	0.890819087063305
real	6	664649.0	0.8675526480894427
real	7	249186.0	0.8431693594343181
real	8	23891.0	0.7733874680842158
real	9	1762.0	0.6441543700340522
real	10	139.0	0.5035971223021583
simlord	3	12138826.0	0.849722782087823
simlord	4	4707153.0	0.8127330894066965
simlord	5	1852669.0	0.7783629995428217
simlord	6	696158.0	0.7477066987666594
simlord	7	265312.0	0.7174496441924979
simlord	8	27244.0	0.6874908236675965
simlord	9	1937.0	0.6618482188951987
simlord	10	126.0	0.6507936507936508
